"hours","name","final.rho","init.rho","outliers","t.final","t.0","concordance","thresh.0","thresh.final","eob.z","eob.t","z.0","z.final"
12,"Tamoxifen + Mefloquine",0.12,0.12,0,0.0783336001067006,1.12364871360613e-10,FALSE,0.734,0.42,0.712318743285404,0.000292690099344199,5.5378757530691e-13,0.0752642786488925
24,"Tamoxifen + Mefloquine",0.05,0.0700000000000001,3,0.543543936842485,0.000220418080504426,FALSE,0.6,0.486,0.815885439171051,0.0229191798756869,0.000122905666179387,0.542103698630655
48,"Tamoxifen + Mefloquine",0.02,0.03,2,0.0947016083170342,0.00328404124967782,FALSE,0.507,0.485,0.925490522355819,0.355700214692775,0.00257331994193585,0.0914884905013325
12,"Tamoxifen + Withaferin A",0,0,1,0.682779956995804,0.682779956995804,TRUE,0.383,0.363,1,1,0.681885325060611,0.681885325060611
24,"Tamoxifen + Withaferin A",0,0.02,2,0.158612084647763,0.158612084647763,TRUE,0.547,0.542,1,1,0.155405485111954,0.155405485111954
48,"Tamoxifen + Withaferin A",0,0,3,3.27669871111122e-05,3.27669871111122e-05,TRUE,0.325,0.349,1,1,1.30487709351988e-05,1.30487709351988e-05
