"hours","name","final.rho","init.rho","outliers","eob.p","gof.p"
12,"Tamoxifen + Mefloquine",0.12,0.12,0,1.12364871360613e-10,0.0783336001067006
24,"Tamoxifen + Mefloquine",0.05,0.0700000000000001,3,0.000220418080504426,0.543543936842485
48,"Tamoxifen + Mefloquine",0.02,0.03,2,0.00328404124967782,0.0947016083170342
12,"Tamoxifen + Withaferin A",0,0,1,0.682779956995804,0.682779956995804
24,"Tamoxifen + Withaferin A",0,0.02,2,0.158612084647763,0.158612084647763
48,"Tamoxifen + Withaferin A",0,0,3,3.27669871111122e-05,3.27669871111122e-05
