"hours","name","final.rho","init.rho","outliers","t.final","t.0","concordance","thresh.0","thresh.final","eob.z","eob.t","z.0","z.final"
12,"Tamoxifen + Mefloquine",0.12,0.12,0,0.0873583877597451,1.12309946624523e-10,FALSE,0.717,0.434,0.709664785457534,0.000256664209368136,5.53374598695632e-13,0.0842392032760387
24,"Tamoxifen + Mefloquine",-0.0499999999999999,0.0700000000000001,3,0.508820063199216,0.000219579644869165,FALSE,0.601,0.435,0.818771551635895,0.0251585757088164,0.000122365970570532,0.507230810439912
48,"Tamoxifen + Mefloquine",0.02,0.03,2,0.0969091327570697,0.00325671674834031,FALSE,0.494,0.525,0.924704083796847,0.350642029783495,0.00254988113145986,0.0936887818289569
12,"Tamoxifen + Withaferin A",0,0,1,0.682509604177438,0.682509604177438,TRUE,0.421,0.378,1,1,0.68161406879647,0.68161406879647
24,"Tamoxifen + Withaferin A",0,0.02,2,0.158493743805045,0.158493743805045,TRUE,0.555,0.559,1,1,0.155286846224674,0.155286846224674
48,"Tamoxifen + Withaferin A",0,0,3,3.31192198769178e-05,3.31192198769178e-05,TRUE,0.32,0.34,1,1,1.32170985393062e-05,1.32170985393062e-05
