"hours","name","final.rho","init.rho","outliers","eob.p","gof.p"
12,"Tamoxifen + Mefloquine",0.12,0.12,0,1.11339774577211e-10,0.0870493124309335
24,"Tamoxifen + Mefloquine",-0.0499999999999999,0.0700000000000001,3,0.000215281849693659,0.508820063199216
48,"Tamoxifen + Mefloquine",0.02,0.03,2,0.00319486009969805,0.0957340157104209
12,"Tamoxifen + Withaferin A",0,0,1,0.680582520911499,0.680582520911499
24,"Tamoxifen + Withaferin A",0,-0.02,2,0.156882149372985,0.156882149372985
48,"Tamoxifen + Withaferin A",0,0,3,3.36373949302142e-05,3.36373949302142e-05
